emp_id,dept,position,gender,age,tenure_years,salary,eval_score,overtime_hours
EMP20250463,데이터전략팀,과장,남성,34,6.0,75300000,4.5,19
EMP20250695,개발본부,사원,남성,34,2.2,66100000,4.5,27
EMP20250658,영업본부,차장,여성,32,6.7,73600000,4.1,19
EMP20250344,영엽본부,사원,여성,31,5.6,53400000,3.3,12
EMP20250026,개발본부,대리,남성,38,4.4,65300000,3.2,24
EMP20250206,개발본부,사원,남성,28,0.2,62200000,3.7,20
EMP20251006,영업본부,차장,여성,34,5.8,75300000,3.5,13
EMP20250493,개발본부,대리,남성,27,4.9,70100000,4.1,31
EMP20250594,개발본부,사원,남성,33,0.2,59200000,2.9,13
EMP20250291,데이터전략팀,대리,남성,36,4.4,63300000,3.7,20
EMP20251192,개발본부,대리,남성,38,6.7,70900000,3.9,35
EMP20251133,인사총무팀,대리,여성,42,7.5,56800000,3.9,15
EMP20250170,개발본부,대리,남성,31,6.3,73200000,0.0,36
EMP20250945,영업본부,차장,남성,35,6.8,73300000,4.0,14
EMP20250699,개발본부,과장,남성,36,6.2,75100000,3.3,20
EMP20251182,데이터전략팀,대리,남성,45,11.6,67700000,3.8,17
EMP20250710,개발본부,차장,남성,45,9.8,88900000,3.5,29
EMP20251088,데이터전략팀,대리,남성,32,7.1,67100000,3.4,30
EMP20250283,개발본부,과장,남성,37,8.2,78200000,3.2,33
EMP20250947,개발본부,과장,남성,31,6.2,75500000,3.4,17
EMP20250401,데이터전략팀,대리,남성,30,3.5,68000000,3.9,19
EMP20251030,데이터전략팀,차장,여성,40,9.0,85300000,4.2,17
EMP20250057,인사총무팀,대리,여성,36,5.6,57400000,3.8,13
EMP20250235,인사총무팀,과장,여성,32,5.7,66100000,4.5,13
EMP20250924,고객운영팀,과장,여성,38,10.5,63900000,3.9,19
EMP20250949,영업본부,과장,남성,36,8.2,68200000,3.6,21
EMP20250480,개발본부,사원,남성,33,4.7,66200000,3.6,34
EMP20250153,영업본부,차장,남성,32,6.2,73600000,3.7,21
EMP20250990,인사총무팀,과장,남성,44,10.1,59400000,2.9,14
EMP20250754,인사총무팀,대리,남성,40,7.6,198000000,4.0,12
EMP20250332,개발본부,과장,남성,39,6.0,73800000,3.0,28
EMP20250790,영업본부,사원,남성,28,0.2,50400000,3.0,17
EMP20250923,영업본부,대리,남성,38,3.2,57600000,3.1,20
EMP20250912,인사총무팀,과장,여성,36,7.2,64300000,3.5,11
EMP20250661,데이터전략팀,차장,남성,39,5.9,79500000,4.2,14
EMP20251117,영업본부,대리,남성,32,7.1,59600000,2.7,11
EMP20250062,개발본부,대리,남성,28,0.7,65300000,3.4,21
EMP20250623,데이터전략팀,대리,남성,33,7.5,65600000,2.9,29
EMP20250532,개발본부,사원,남성,,4.5,67900000,4.1,20
EMP20250292,고객운영팀,차장,여성,43,9.1,67700000,3.5,17
EMP20250048,개발본부,부장,남성,50,11.2,96400000,3.1,14
EMP20250393,인사총무팀,차장,여성,43,12.9,78300000,3.3,15
EMP20250226,데이터전략팀,차장,남성,41,10.4,85300000,3.3,26
EMP20250838,개발본부,대리,남성,37,4.9,68800000,3.5,22
EMP20250571,개발본부,대리,남성,33,3.2,69300000,3.3,26
EMP20250175,개발본부,사원,남성,35,3.6,63200000,2.8,23
EMP20250871,개발본부,대리,남성,36,4.8,68000000,3.3,19
EMP20250519,데이터전략팀,대리,여성,31,4.1,68200000,3.6,9
EMP20250444,영업본부,대리,여성,29,3.1,62400000,3.4,16
EMP20250561,영엽본부,과장,여성,41,5.3,65400000,3.5,25
EMP20250288,영업본부,사원,여성,41,8.1,61900000,4.1,9
EMP20251107,고객운영팀,차장,남성,41,12.8,72400000,3.9,25
EMP20250156,데이터전략팀,과장,남성,37,7.7,72600000,3.6,25
EMP20250516,고객운영팀,차장,남성,37,3.5,61800000,3.7,20
EMP20250642,영업본부,사원,남성,32,1.7,55900000,4.1,18
EMP20250546,데이터전략팀,과장,여성,42,8.3,78900000,4.1,25
EMP20251122,데이터전략팀,사원,남성,34,0.2,59100000,3.0,29
EMP20250850,개발본부,과장,남성,33,7.6,77300000,3.8,27
EMP20250199,인사총무팀,사원,여성,33,0.2,49900000,3.9,4
EMP20250230,영업본부,과장,남성,31,5.1,64200000,3.1,20
EMP20250433,개발본부,과장,남성,35,11.5,84700000,4.3,30
EMP20250610,영업본부,사원,남성,29,3.5,57100000,3.5,18
EMP20250702,인사총무팀,과장,남성,39,9.2,62200000,3.7,12
EMP20251191,고객운영팀,차장,여성,35,9.4,69400000,3.4,12
EMP20251161,데이터전략팀,대리,남성,37,5.7,68500000,4.1,21
EMP20250744,개발본부,차장,여성,34,7.0,86300000,3.4,30
EMP20250779,인사총무팀,과장,여성,26,7.8,62300000,3.1,2
EMP20250803,개발본부,대리,남성,32,4.6,70900000,3.6,28
EMP20251200,고객운영팀,대리,여성,35,8.1,55900000,3.8,0
EMP20250771,데이터전략팀,대리,여성,26,2.7,69200000,3.9,30
EMP20250788,영업본부,과장,여성,36,6.6,70700000,3.5,20
EMP20251041,개발본부,사원,남성,29,2.2,60800000,3.3,21
EMP20250640,영업본부,사원,여성,33,8.0,55400000,3.5,20
EMP20251110,개발본부,차장,남성,41,9.2,84200000,3.9,29
EMP20250663,개발본부,과장,남성,30,3.5,71100000,3.0,28
EMP20251114,데이터전략,대리,남성,32,4.9,70800000,4.8,25
EMP20250591,영업본부,과장,여성,29,2.1,62000000,3.6,14
EMP20250145,영업본부,대리,여성,27,0.2,57700000,3.3,21
EMP20250718,고객운영팀,대리,여성,31,3.8,47600000,3.2,23
EMP20250523,개발본부,부장,남성,44,11.8,97800000,3.5,26
EMP20250724,인사총무팀,대리,여성,29,1.2,52800000,4.3,11
EMP20250370,영업본부,대리,남성,36,8.3,65000000,3.0,20
EMP20250032,인사총무팀,대리,남성,37,6.5,54000000,4.3,17
EMP20251070,데이터전략팀,사원,여성,37,4.5,63700000,3.5,11
EMP20250065,개발본부,과장,남성,35,6.1,75400000,3.4,21
EMP20250605,개발본부,대리,여성,40,7.3,74000000,3.6,27
EMP20250009,데이터전략팀,대리,남성,30,2.8,60300000,3.9,16
EMP20250495,개발본부,과장,남성,33,7.0,80900000,3.8,30
EMP20250172,인사총무팀,차장,여성,41,9.9,74600000,4.5,9
EMP20250834,인사총무팀,차장,여성,39,6.6,70700000,3.8,13
EMP20250008,인사총무팀,대리,여성,40,8.5,60400000,3.8,10
EMP20250847,고객운영팀,과장,남성,31,4.7,53700000,2.6,17
EMP20250310,영업본부,과장,여성,31,6.1,64500000,2.9,10
EMP20250088,개발본부,차장,남성,34,7.1,87200000,4.0,22
EMP20250869,영업본부,대리,남성,37,6.0,60000000,3.8,15
EMP20251136,개발본부,과장,남성,33,9.2,81700000,4.2,29
EMP20250774,고객운영팀,과장,여성,40,4.5,57300000,4.0,13
EMP20251178,영업본부,과장,여성,36,7.5,73900000,3.6,23
EMP20250521,개발본부,과장,남성,28,5.2,75300000,3.6,21
EMP20250125,데이터전략팀,대리,남성,30,2.9,63100000,3.7,20
EMP20251015,영업본부,과장,여성,38,10.2,70000000,3.9,10
EMP20250081,고객운영팀,사원,여성,27,0.2,47300000,3.5,19
EMP20250649,영업본부,과장,남성,,6.3,68500000,3.6,23
EMP20250737,개발본부,차장,남성,35,7.5,85900000,3.0,28
EMP20250090,데이터전략팀,대리,여성,38,7.0,71400000,2.7,13
EMP20251091,인사총무팀,과장,여성,31,6.1,67000000,3.5,19
EMP20250181,영업본부,대리,남성,29,5.5,60600000,3.0,15
EMP20250786,개발본부,과장,남성,28,7.4,81500000,3.5,28
EMP20251187,개발본부,차장,여성,39,8.2,85000000,3.1,31
EMP20250835,개발본부,차장,여성,36,5.2,80300000,3.8,29
EMP20251121,고객운영팀,대리,남성,35,4.4,53400000,4.4,10
EMP20250363,개발본부,대리,남성,36,7.5,70500000,3.0,26
EMP20250382,고객운영,대리,여성,30,3.9,48300000,3.4,12
EMP20250320,고객운영팀,대리,여성,33,6.3,54900000,3.9,5
EMP20250035,개발본부,사원,여성,31,4.4,70400000,4.2,29
EMP20250752,인사총무팀,과장,여성,36,12.3,65800000,3.1,18
EMP20250007,개발본부,대리,여성,30,4.9,71400000,3.9,15
EMP20251171,인사총무팀,과장,여성,30,0.2,55800000,2.7,8
EMP20251190,인사총무팀,사원,남성,32,3.9,43600000,3.2,4
EMP20250709,개발본부,과장,남성,42,6.7,78400000,3.4,30
EMP20250777,영업본부,과장,남성,35,6.4,63800000,3.6,6
EMP20250854,고객운영팀,사원,남성,35,1.3,39600000,2.9,14
EMP20251181,개발본부,과장,남성,34,9.8,76100000,3.1,24
EMP20251164,개발본부,사원,남성,32,3.0,66100000,4.1,30
EMP20250731,고객운영팀,사원,남성,34,0.9,39100000,3.4,7
EMP20250887,인사총무팀,과장,여성,34,9.4,64400000,3.4,14
EMP20250780,영업본부,차장,여성,35,9.4,78800000,2.9,31
EMP20250997,데이터전략팀,사원,여성,36,1.4,56400000,3.2,18
EMP20250072,개발본부,과장,남성,32,5.9,79800000,3.6,28
EMP20251069,영업본부,과장,남성,36,5.7,60900000,3.4,17
EMP20250991,데이터전략팀,사원,여성,23,0.2,58300000,3.3,12
EMP20250190,데이터전략팀,사원,남성,36,1.7,56900000,3.0,18
EMP20251034,개발본부,대리,남성,25,2.7,63100000,2.9,24
EMP20250109,고객운영팀,대리,여성,25,4.5,53900000,3.4,16
EMP20250560,데이터전략팀,대리,남성,28,3.6,69500000,3.9,23
EMP20250060,데이터전략팀,과장,남성,33,8.1,75900000,3.8,7
EMP20250162,인사총무팀,차장,여성,36,7.8,69500000,3.8,4
EMP20250927,인사총무팀,과장,남성,31,2.8,53100000,2.4,14
EMP20250031,데이터전략팀,차장,남성,38,9.0,80900000,3.1,12
EMP20250671,개발본부,과장,남성,29,6.8,76300000,3.5,40
EMP20250498,데이터전략팀,과장,여성,28,5.2,72400000,3.0,10
EMP20250030,데이터전략팀,대리,여성,39,7.6,66100000,3.6,17
EMP20250045,인사총무팀,대리,여성,34,7.6,57500000,3.6,9
EMP20250925,데이터전략팀,사원,남성,26,2.1,56500000,2.9,13
EMP20250304,고객운영팀,과장,여성,34,4.7,57500000,3.4,5
EMP20250121,데이터전략팀,사원,남성,34,3.1,55600000,2.7,14
EMP20250094,데이터전략팀,차장,남성,37,7.5,79100000,2.9,32
EMP20250496,데이터전략팀,대리,남성,31,2.6,58600000,2.8,13
EMP20250165,개발본부,차장,남성,35,6.0,80400000,3.4,24
EMP20250489,데이터전략팀,차장,여성,38,9.5,87500000,4.2,20
EMP20250224,인사총무팀,차장,여성,42,12.8,74000000,3.0,19
EMP20250512,영업본부,과장,남성,37,8.5,66200000,2.6,18
EMP20250677,영업본부,과장,남성,38,9.7,69000000,4.1,14
EMP20250763,데이터전략팀,대리,여성,43,7.0,70500000,2.7,29
EMP20250407,데이터전략팀,과장,남성,37,6.2,76300000,3.8,26
EMP20250307,인사총무팀,사원,여성,32,4.5,53600000,3.6,19
EMP20250087,고객운영팀,사원,남성,26,1.0,41400000,3.9,7
EMP20250467,영업본부,과장,남성,32,4.5,64200000,2.5,12
EMP20250638,개발본부,사원,남성,27,2.3,64600000,4.8,18
EMP20250038,개발본부,과장,남성,39,6.3,77600000,3.4,34
EMP20251008,고객운영팀,대리,여성,33,4.9,53300000,4.2,5
EMP20250093,개발본부,과장,남성,42,6.4,77500000,3.6,32
EMP20250231,개발본부,과장,여성,33,7.0,80000000,2.9,28
EMP20251031,개발본부,과장,남성,34,8.1,79800000,3.3,23
EMP20250410,영업본부,대리,남성,32,4.6,58900000,3.4,10
EMP20250179,개발본부,사원,남성,37,3.4,68100000,4.1,22
EMP20250817,개발본부,과장,여성,37,5.9,78800000,3.7,31
EMP20250111,데이터전략팀,과장,남성,35,9.8,74200000,3.5,21
EMP20250688,데이터전략팀,대리,남성,24,0.2,58800000,3.3,12
EMP20250827,개발본부,과장,여성,39,5.1,78700000,3.2,27
EMP20251057,개발본부,차장,여성,35,9.2,85600000,2.6,25
EMP20251060,인사총무팀,사원,여성,34,2.4,46700000,3.4,7
EMP20250263,인사총무팀,차장,여성,40,10.5,76100000,3.8,11
EMP20250409,영업본부,과장,남성,42,6.3,69300000,3.9,25
EMP20251143,고객운영팀,사원,여성,26,2.3,45400000,3.1,21
EMP20250756,영업본부,대리,남성,30,3.3,60500000,4.1,23
EMP20251084,개발본부,대리,남성,34,3.4,69000000,3.1,28
EMP20250319,영업본부,사원,남성,,4.9,54300000,4.1,19
EMP20250860,영업본부,대리,남성,41,3.2,52800000,3.2,17
EMP20251040,개발본부,과장,남성,29,8.8,79600000,3.1,35
EMP20251074,영업본부,대리,남성,35,6.7,63400000,4.6,13
EMP20250041,고객운영팀,대리,남성,36,3.9,50900000,4.0,8
EMP20250913,개발본부,차장,남성,41,13.1,89500000,3.7,30
EMP20250988,인사총무팀,대리,남성,36,6.9,53300000,3.6,17
EMP20250964,데이터전략팀,과장,남성,36,7.2,75200000,3.5,29
EMP20251138,개발본부,과장,남성,47,11.0,78700000,3.1,36
EMP20250660,데이터전략팀,과장,남성,36,11.5,76300000,3.6,30
EMP20250267,데이터전략팀,과장,여성,41,8.2,79200000,3.9,24
EMP20250634,고객운영팀,대리,여성,31,4.8,48200000,3.4,6
EMP20250651,인사총무팀,과장,여성,32,3.6,62500000,3.8,11
EMP20250420,데이터전략팀,차장,남성,37,9.7,81200000,3.3,16
EMP20250197,개발본부,과장,남성,35,8.1,80200000,4.0,27
EMP20251175,데이터전략팀,대리,남성,33,5.5,69800000,3.7,26
EMP20251047,개발본부,과장,남성,39,7.5,77500000,2.3,20
EMP20250243,개발본부,대리,남성,43,6.7,73700000,3.5,27
EMP20250793,개발본부,사원,남성,37,9.7,70600000,3.7,23
EMP20251002,인사총무팀,과장,여성,35,7.7,68300000,3.9,21
EMP20251147,고객운영팀,대리,여성,35,5.2,51700000,3.9,21
EMP20250198,인사총무팀,사원,남성,32,8.6,52100000,3.0,14
EMP20251068,데이터전략팀,사원,여성,29,1.3,62100000,3.9,25
EMP20250877,개발본부,과장,남성,26,5.1,78100000,3.3,21
EMP20250080,영업본부,과장,여성,38,5.1,70200000,3.8,18
EMP20250844,영업본부,대리,여성,37,4.7,60400000,3.8,11
EMP20250816,인사총무팀,차장,남성,43,11.5,74700000,3.3,6
EMP20250246,데이터전략팀,과장,남성,35,5.7,69000000,3.6,15
EMP20250185,개발본부,사원,남성,31,3.0,69700000,3.8,19
EMP20250669,개발본부,과장,남성,36,7.4,81500000,4.0,27
EMP20250357,개발본부,사원,여성,33,2.3,66300000,3.0,21
EMP20250169,영업본부,대리,여성,33,6.6,64000000,3.8,16
EMP20250375,데이터전략팀,과장,여성,36,5.8,68000000,0.0,18
EMP20250527,데이터전략팀,대리,남성,35,5.6,69300000,4.5,22
EMP20250746,인사총무팀,사원,여성,32,1.1,48100000,2.6,16
EMP20250885,개발본부,대리,여성,32,3.0,68700000,2.5,19
EMP20250076,데이터전략팀,대리,남성,28,6.2,72300000,4.6,24
EMP20250730,데이터전략팀,대리,여성,36,3.3,66700000,4.5,20
EMP20250001,고객운영팀,차장,여성,39,9.6,68700000,3.4,7
EMP20250438,개발본부,대리,남성,,1.1,60800000,3.1,25
EMP20251022,개발본부,사원,여성,28,1.6,64700000,2.8,35
EMP20251000,데이터전략팀,과장,남성,34,3.8,65100000,3.0,20
EMP20250739,영업본부,사원,남성,24,0.2,53100000,3.1,8
EMP20250092,데이터전략팀,과장,남성,33,6.1,70400000,3.5,27
EMP20250811,영업본부,과장,여성,43,8.0,68800000,2.4,15
EMP20250315,개발본부,사원,남성,25,0.2,59300000,3.9,31
EMP20250979,고객운영팀,과장,여성,38,6.8,58500000,3.4,13
EMP20250187,데이터전략팀,과장,남성,35,8.8,75100000,3.5,27
EMP20250306,영업본부,사원,여성,30,2.0,55800000,3.3,25
EMP20250068,데이터전략팀,대리,남성,32,3.2,62200000,3.0,30
EMP20250139,데이터전략팀,대리,남성,31,3.3,62200000,3.2,20
EMP20250017,데이터전략팀,대리,남성,38,6.9,68400000,3.7,20
EMP20251077,개발본부,대리,남성,36,6.7,72200000,3.9,30
EMP20250973,개발본부,과장,남성,35,8.6,79500000,3.7,17
EMP20250977,고객운영팀,사원,여성,32,1.3,41000000,3.5,11
EMP20250276,개발본부,차장,남성,35,9.1,81900000,2.5,25
EMP20250588,고객운영팀,과장,여성,36,8.8,66500000,0.0,14
EMP20250394,개발본부,과장,남성,33,6.6,76500000,2.7,26
EMP20250607,개발본부,과장,여성,28,5.4,81500000,3.1,20
EMP20250969,인사총무팀,차장,여성,42,10.0,73200000,4.6,7
EMP20250451,영업본부,사원,여성,28,0.2,54200000,3.1,21
EMP20250464,개발본부,대리,남성,31,7.4,70400000,3.3,25
EMP20250679,데이터전략팀,사원,남성,29,0.2,55600000,3.0,26
EMP20251011,영업본부,대리,남성,37,4.5,61900000,3.4,18
EMP20250025,개발본부,대리,남성,34,6.3,71200000,3.8,15
EMP20250570,개발본부,대리,남성,38,8.5,72200000,3.3,26
EMP20250177,개발본부,과장,남성,36,6.9,77000000,3.4,34
EMP20250787,데이터전략팀,차장,여성,46,8.3,87200000,4.3,21
EMP20250285,데이터전략팀,사원,여성,42,4.6,64700000,3.3,10
EMP20250191,영업본부,사원,여성,34,0.9,53800000,3.5,3
EMP20250034,영업본부,대리,남성,26,4.5,57100000,3.4,14
EMP20250522,고객운영팀,사원,남성,37,4.7,44900000,4.2,9
EMP20250659,인사총무팀,과장,여성,41,7.4,67200000,4.1,20
EMP20250565,데이터전략팀,과장,남성,35,9.0,74600000,3.6,15
EMP20250196,개발본부,대리,남성,33,3.7,70100000,3.6,17
EMP20250343,영업본부,차장,여성,41,9.2,76400000,3.4,18
EMP20250732,영업본부,차장,여성,42,10.3,74200000,3.8,20
EMP20250469,고객운영팀,대리,여성,35,4.7,51000000,3.3,9
EMP20250458,인사총무팀,대리,여성,37,4.9,56400000,3.6,15
EMP20250556,인사총무팀,대리,남성,35,6.8,58500000,4.0,15
EMP20250849,개발본부,차장,남성,37,10.9,86800000,2.8,23
EMP20250870,영업본부,대리,여성,33,3.0,64200000,3.4,15
EMP20250297,데이터전략팀,대리,남성,40,7.0,62400000,3.8,19
EMP20250775,영업본부,대리,여성,36,4.5,62500000,3.7,17
EMP20250555,개발본부,부장,남성,31,7.8,98000000,4.2,24
EMP20250983,개발본부,차장,남성,39,8.5,84900000,3.4,22
EMP20250416,영업본부,사원,남성,26,1.9,51500000,3.2,10
EMP20250077,개발본부,부장,남성,33,6.3,95100000,3.4,35
EMP20251127,영업본부,대리,여성,32,3.4,60400000,3.6,24
EMP20250525,개발본부,대리,남성,33,7.6,70700000,3.5,26
EMP20250548,개발본부,대리,남성,34,4.0,69900000,3.5,30
EMP20250772,개발본부,차장,남성,37,5.1,76600000,3.0,21
EMP20251144,데이터전략팀,부장,여성,32,5.6,89700000,3.4,15
EMP20250576,개발본부,대리,남성,30,5.3,69700000,3.1,18
EMP20250580,데이터전략팀,차장,남성,31,7.0,81600000,3.6,20
EMP20250536,인사총무팀,사원,여성,38,0.2,46800000,3.2,21
EMP20251137,인사총무팀,과장,여성,38,8.2,63600000,2.7,2
EMP20250662,영업본부,대리,남성,28,3.3,56600000,3.5,8
EMP20250843,데이터전략팀,과장,남성,33,9.9,74200000,3.0,22
EMP20250350,데이터전략팀,사원,남성,31,0.2,56000000,3.4,19
EMP20250453,데이터전략팀,과장,여성,33,5.6,69800000,3.3,14
EMP20251063,고객운영팀,사원,여성,29,1.8,45300000,3.4,13
EMP20250706,데이터전략팀,대리,남성,44,6.3,65600000,4.0,18
EMP20250773,영업본부,대리,남성,31,3.2,55500000,3.9,1
EMP20250807,개발본부,대리,남성,32,2.7,65500000,2.6,25
EMP20251166,고객운영팀,과장,여성,37,5.0,58400000,3.4,5
EMP20251197,고객운영팀,과장,여성,33,8.9,57300000,3.5,12
EMP20250128,개발본부,과장,남성,39,8.1,81800000,4.1,30
EMP20250707,영업본부,대리,여성,33,8.8,66900000,3.3,28
EMP20251155,데이터전략팀,과장,여성,36,6.5,71700000,2.8,12
EMP20250134,개발본부,차장,남성,34,9.2,88400000,3.1,22
EMP20251186,영업본부,대리,여성,36,8.5,65600000,4.6,14
EMP20250118,개발본부,대리,남성,38,5.6,72100000,3.6,31
EMP20250028,데이터전략팀,사원,여성,26,1.6,62300000,4.3,22
EMP20250577,영업본부,대리,여성,36,4.9,67600000,4.8,23
EMP20250219,영업본부,대리,남성,33,4.6,57900000,4.1,10
EMP20250798,개발 본부,과장,남성,33,6.8,79600000,3.6,19
EMP20250023,영업본부,대리,남성,33,3.2,56800000,3.4,13
EMP20250294,고객운영팀,과장,여성,33,8.9,62700000,4.3,3
EMP20250810,인사총무팀,과장,여성,44,7.2,62300000,3.2,13
EMP20250205,인사총무팀,대리,남성,35,2.8,48900000,3.6,4
EMP20250888,영업본부,사원,남성,29,0.2,50700000,3.4,10
EMP20250368,인사총무팀,사원,여성,,2.3,44200000,3.2,9
EMP20250136,영업본부,사원,남성,34,4.8,54800000,3.0,22
EMP20250280,개발본부,차장,남성,37,8.8,85700000,3.4,28
EMP20250241,개발본부,사원,여성,34,2.8,67800000,3.6,34
EMP20250553,영업본부,과장,남성,43,6.7,68200000,3.3,18
EMP20250820,고객운영팀,대리,남성,34,0.7,45400000,3.2,7
EMP20251096,영업본부,사원,남성,27,0.2,52000000,3.1,23
EMP20250916,고객운영팀,대리,여성,35,6.3,53600000,4.3,14
EMP20250195,데이터전략팀,과장,남성,37,6.7,70100000,3.9,17
EMP20250490,개발본부,과장,여성,39,7.8,79300000,4.6,27
EMP20250875,인사총무팀,사원,여성,31,0.2,39900000,2.5,18
EMP20251038,고객운영팀,대리,여성,34,4.9,52600000,3.5,18
EMP20251194,데이터전략팀,차장,남성,36,9.1,83600000,4.0,24
EMP20250215,인사총무팀,과장,여성,41,7.8,63000000,3.8,8
EMP20250071,데이터전략팀,대리,남성,32,0.6,61400000,3.6,22
EMP20250254,개발본부,대리,남성,23,0.2,67900000,3.4,23
EMP20250981,개발본부,과장,남성,37,7.6,77400000,3.8,17
EMP20250324,데이터전략팀,과장,여성,36,6.6,78600000,2.9,25
EMP20250926,데이터전략팀,과장,남성,33,6.5,72000000,3.9,26
EMP20251023,데이터전략팀,과장,남성,34,6.6,70900000,3.6,16
EMP20250240,인사총무팀,대리,남성,37,3.4,48000000,3.7,15
EMP20250655,데이터전략팀,과장,남성,,6.0,73400000,3.9,11
EMP20250330,개발본부,과장,남성,42,4.7,75500000,4.0,33
EMP20250882,개발본부,대리,남성,34,5.6,67300000,3.3,16
EMP20250441,데이터전략팀,과장,남성,34,5.0,71300000,3.2,29
EMP20250652,개발본부,과장,여성,26,3.7,81100000,3.5,22
EMP20250340,개발본부,차장,남성,37,11.5,88900000,3.1,32
EMP20250749,인사총무팀,과장,남성,36,8.7,61100000,2.9,11
EMP20250965,데이터전략팀,사원,남성,38,5.7,66300000,4.0,26
EMP20250481,인사총무팀,과장,남성,35,6.8,56500000,3.2,17
EMP20250542,데이터전략팀,부장,남성,43,11.0,88800000,3.6,12
EMP20251142,영업본부,대리,남성,40,7.9,59500000,3.0,26
EMP20251071,데이터전략팀,과장,남성,33,3.0,67600000,3.1,20
EMP20250936,고객운영팀,사원,남성,27,2.2,43400000,3.6,11
EMP20251004,인사총무팀,차장,여성,39,11.3,76000000,3.2,1
EMP20250934,고객운영팀,대리,여성,32,3.6,51600000,3.1,20
EMP20251016,영업본부,대리,남성,36,5.0,56100000,3.0,11
EMP20250159,고객운영팀,과장,여성,31,11.6,61600000,3.3,13
EMP20250906,인사총무팀,대리,여성,29,1.7,54800000,3.7,22
EMP20250814,개발본부,대리,여성,36,7.2,76300000,3.4,30
EMP20250131,개발본부,과장,남성,35,6.2,79200000,4.0,15
EMP20250581,인사총무팀,차장,남성,34,6.5,69200000,2.7,7
EMP20250486,개발본부,대리,남성,32,5.3,63000000,2.8,14
EMP20250204,인사총무팀,과장,여성,39,6.8,65300000,3.7,6
EMP20250378,개발본부,과장,여성,31,4.6,73000000,3.6,18
EMP20250279,데이터전략팀,사원,남성,25,4.0,62900000,4.1,29
EMP20250907,데이터전략팀,사원,남성,26,2.1,61000000,4.1,20
EMP20250552,개발본부,과장,여성,34,5.7,79500000,3.8,27
EMP20251115,데이터전략팀,과장,여성,31,6.9,74000000,3.4,26
EMP20250270,데이터전략팀,사원,남성,42,3.8,57400000,3.2,23
EMP20250597,개발본부,과장,남성,,7.0,72500000,3.2,33
EMP20250116,인사총무팀,차장,여성,34,5.5,66900000,2.9,9
EMP20250244,인사총무팀,부장,남성,34,5.3,75600000,3.6,4
EMP20250397,개발본부,과장,여성,44,5.6,75800000,3.2,21
EMP20250484,데이터전략팀,사원,남성,32,4.9,60600000,3.0,19
EMP20250759,영업본부,대리,여성,37,6.5,65000000,4.4,14
EMP20250722,고객운영팀,과장,여성,35,5.3,57600000,3.3,18
EMP20250757,개발본부,대리,남성,23,1.7,68200000,4.5,27
EMP20250152,개발본부,과장,여성,29,4.8,80500000,2.7,30
EMP20250333,개발 본부,대리,남성,31,5.5,72500000,3.8,30
EMP20250727,개발본부,과장,남성,36,7.6,74100000,3.4,16
EMP20250182,영업본부,과장,여성,40,8.7,72500000,4.5,21
EMP20250447,영업본부,대리,여성,38,4.9,58800000,3.7,18
EMP20250690,고객운영팀,과장,여성,31,6.2,56800000,3.3,7
EMP20250299,영업본부,과장,여성,35,5.7,68800000,3.6,17
EMP20250449,영업본부,사원,남성,34,0.2,51700000,3.4,19
EMP20251050,개발본부,대리,남성,31,5.8,66100000,3.4,15
EMP20250599,개발본부,과장,남성,40,6.4,77600000,3.2,34
EMP20250795,개발본부,과장,여성,35,6.0,79400000,4.1,24
EMP20251010,데이터전략팀,대리,여성,36,3.7,65700000,4.1,17
EMP20250899,개발본부,대리,남성,34,4.5,68500000,3.3,25
EMP20250742,데이터전략팀,부장,여성,37,9.5,96000000,3.7,30
EMP20250974,데이터전략팀,사원,남성,30,0.6,52100000,2.2,16
EMP20250550,영업본부,사원,여성,29,0.2,55400000,3.9,5
EMP20250794,영업본부,대리,남성,31,3.9,54800000,3.2,21
EMP20250711,데이터전략팀,대리,남성,33,4.9,68700000,3.5,25
EMP20250192,영업본부,대리,남성,38,8.9,70200000,3.7,17
EMP20250313,데이터전략팀,차장,남성,33,5.1,80400000,3.6,30
EMP20250761,개발본부,사원,남성,34,1.8,63400000,3.9,27
EMP20251025,인사총무 팀,과장,여성,41,10.0,65400000,3.8,9
EMP20251199,인사총무팀,사원,남성,29,1.8,44600000,3.6,12
EMP20250443,인사총무팀,사원,여성,34,2.6,46900000,4.1,5
EMP20250073,고객운영팀,대리,여성,32,6.6,51000000,4.1,15
EMP20250606,고객운영팀,사원,여성,37,1.8,44100000,3.9,10
EMP20250392,개발본부,과장,여성,38,8.7,78400000,4.0,21
EMP20251051,영업본부,사원,남성,27,2.1,54200000,3.6,23
EMP20250593,데이터전략팀,사원,남성,30,1.0,53700000,3.3,27
EMP20250387,개발본부,과장,남성,32,6.5,79200000,3.4,28
EMP20250274,영업본부,대리,여성,36,8.8,64400000,3.7,13
EMP20250426,개발본부,대리,남성,38,4.9,71300000,3.4,41
EMP20251003,데이터전략팀,사원,남성,33,1.1,58100000,3.8,10
EMP20250085,데이터 전략팀,사원,남성,32,4.5,55300000,2.9,26
EMP20250533,데이터전략,사원,남성,31,0.2,55200000,3.2,25
EMP20250842,고객운영팀,차장,남성,44,10.0,65900000,3.3,17
EMP20250922,영업본부,사원,남성,31,4.4,53300000,3.1,23
EMP20250526,고객운영팀,사원,여성,37,0.6,43700000,3.4,10
EMP20250914,개발본부,차장,남성,39,6.2,80600000,2.9,20
EMP20250487,데이터전략팀,과장,여성,38,6.0,76100000,4.2,21
EMP20250996,개발본부,대리,남성,34,4.7,66500000,2.9,20
EMP20250478,개발본부,대리,남성,27,3.0,66900000,3.2,19
EMP20250667,데이터전략팀,과장,여성,31,8.4,77600000,3.5,20
EMP20250645,데이터전략팀,차장,남성,40,7.0,81000000,3.6,24
EMP20250020,데이터전략팀,과장,남성,35,6.8,76300000,4.0,17
EMP20250612,데이터전략팀,사원,남성,25,0.2,60700000,3.4,20
EMP20250245,개발본부,차장,남성,36,6.5,81700000,3.2,34
EMP20250188,영업본부,과장,여성,40,7.4,67100000,3.9,19
EMP20250758,데이터전략팀,차장,남성,41,10.8,84200000,2.8,17
EMP20250359,영업본부,과장,여성,43,10.2,68900000,3.2,25
EMP20250305,영업본부,과장,남성,37,9.1,71300000,3.7,13
EMP20250346,데이터전략팀,과장,남성,40,7.3,67400000,3.4,23
EMP20250004,데이터전략팀,사원,남성,38,3.2,61300000,3.1,19
EMP20250277,개발본부,차장,남성,39,9.3,91200000,4.0,29
EMP20250132,고객운영팀,사원,여성,23,0.2,44800000,4.1,23
EMP20250321,영업본부,대리,남성,36,5.1,58100000,3.0,35
EMP20250630,개발본부,사원,남성,35,4.3,66500000,4.3,29
EMP20250856,고객운영팀,사원,여성,29,0.2,42600000,3.6,18
EMP20250371,데이터전략팀,과장,여성,36,7.2,75700000,3.5,21
EMP20250010,영업본부,대리,여성,34,5.5,62400000,4.0,15
EMP20250693,인사총무팀,과장,여성,34,5.1,67700000,3.6,13
EMP20250100,개발본부,과장,남성,33,7.9,80000000,3.7,26
EMP20250898,데이터전략팀,과장,남성,33,7.7,71200000,3.5,18
EMP20250903,인사총무팀,대리,여성,36,6.7,58400000,3.5,0
EMP20250430,개발본부,사원,남성,32,2.3,63600000,3.5,24
EMP20250189,데이터전략팀,대리,남성,39,5.1,66700000,4.0,15
EMP20250650,영업본부,과장,여성,40,5.0,67100000,6.0,11
EMP20250214,인사총무팀,대리,남성,33,4.1,55800000,3.3,12
EMP20250601,인사총무팀,사원,여성,37,2.4,50000000,4.4,17
EMP20250892,개발본부,대리,남성,32,5.8,74700000,3.4,38
EMP20250442,인사총무팀,차장,여성,38,5.1,73100000,3.7,11
EMP20251035,인사총무팀,과장,남성,41,7.9,57700000,3.8,7
EMP20250106,영업본부,대리,남성,36,4.8,61000000,3.4,12
EMP20250720,영업본부,대리,남성,34,3.5,59700000,3.1,24
EMP20250833,고객운영팀,대리,여성,35,7.2,51400000,3.7,13
EMP20251061,영업본부,사원,남성,32,0.6,51300000,3.2,6
EMP20250149,데이터전략팀,과장,여성,44,9.4,78800000,3.1,24
EMP20250044,개발본부,과장,여성,36,6.7,79000000,3.9,26
EMP20250112,인사총무팀,과장,남성,,5.9,57500000,3.8,5
EMP20251128,고객운영팀,과장,남성,25,6.1,58400000,3.4,22
EMP20250747,개발본부,과장,남성,34,6.3,76500000,2.4,27
EMP20250909,개발본부,대리,남성,34,4.3,66400000,3.8,22
EMP20250398,데이터전략팀,대리,남성,28,0.4,64100000,3.3,8
EMP20250636,인사총무팀,대리,여성,40,7.4,59900000,3.3,20
EMP20250782,개발본부,사원,남성,36,4.5,64800000,3.2,23
EMP20251153,개발본부,대리,남성,26,3.7,68100000,3.5,24
EMP20250715,데이터전략팀,사원,남성,36,7.1,59700000,3.3,33
EMP20250123,인사총무팀,과장,여성,36,7.7,60000000,3.7,8
EMP20251079,데이터 전략팀,대리,여성,32,6.2,67300000,3.0,21
EMP20250354,개발본부,사원,여성,36,2.7,66600000,3.0,32
EMP20250102,개발본부,사원,남성,30,0.2,57900000,2.8,22
EMP20250157,개발본부,과장,여성,33,8.9,79900000,3.3,27
EMP20251183,개발본부,사원,남성,31,1.8,61900000,3.9,23
EMP20250237,인사총무팀,과장,남성,41,5.0,54900000,2.6,6
EMP20250714,영업본부,사원,여성,36,0.2,52000000,3.8,8
EMP20250984,데이터전략팀,과장,남성,36,6.3,185000000,3.0,26
EMP20250129,영업본부,과장,남성,33,6.0,68300000,2.6,18
EMP20250668,개발본부,대리,남성,31,2.9,67000000,3.0,20
EMP20250293,데이터전략팀,대리,남성,28,5.8,66000000,3.2,29
EMP20250729,개발본부,사원,여성,38,4.1,66300000,4.3,25
EMP20251159,개발본부,대리,여성,33,10.3,78600000,4.3,24
EMP20250336,데이터전략팀,대리,남성,27,1.5,64500000,3.2,28
EMP20251119,개발본부,과장,남성,32,9.3,78400000,2.7,22
EMP20251043,개발본부,과장,남성,37,8.5,73200000,2.9,18
EMP20250939,인사총무팀,대리,여성,40,7.5,55300000,3.4,8
EMP20250895,고객운영팀,차장,남성,42,7.7,67000000,3.1,11
EMP20250933,개발본부,과장,남성,33,6.5,80300000,3.5,26
EMP20250429,영업본부,사원,여성,34,3.2,53600000,2.2,24
EMP20250664,개발본부,과장,남성,31,8.1,75400000,3.6,22
EMP20251116,고객운영팀,과장,여성,31,3.3,56000000,3.8,9
EMP20250474,개발본부,과장,남성,36,6.1,73500000,3.1,31
EMP20250500,고객운영팀,사원,남성,35,1.7,43200000,4.3,12
EMP20250520,개발본부,차장,남성,37,8.1,88000000,3.9,31
EMP20250043,고객운영팀,대리,여성,40,5.2,54000000,3.6,13
EMP20250056,개발본부,과장,여성,34,6.9,78900000,3.5,21
EMP20250864,고객운영팀,과장,여성,35,5.7,57200000,3.5,15
EMP20250656,데이터전략팀,차장,남성,34,5.8,77400000,3.8,20
EMP20250037,데이터전략팀,차장,남성,29,6.3,79000000,3.3,8
EMP20251064,고객운영팀,대리,여성,35,4.2,50500000,3.9,5
EMP20251101,고객운영팀,대리,남성,31,0.6,49200000,4.3,11
EMP20250042,개발본부,차장,남성,40,12.7,88800000,3.4,25
EMP20250385,영업본부,대리,남성,36,3.9,57900000,3.2,12
EMP20250376,데이터전략팀,차장,남성,36,6.5,78200000,3.4,27
EMP20250501,영업본부,대리,남성,27,2.7,54700000,3.4,14
EMP20250750,인사총무팀,사원,여성,25,0.2,45600000,3.5,3
EMP20251141,데이터전략팀,과장,남성,31,5.8,70000000,3.2,19
EMP20250691,인사총무팀,차장,남성,40,5.8,69200000,3.5,3
EMP20250946,고객운영팀,대리,여성,38,3.9,50800000,4.0,16
EMP20250220,데이터전략팀,사원,여성,28,0.6,60000000,3.3,18
EMP20250207,영업본부,과장,여성,38,6.6,67900000,3.8,16
EMP20250904,인사총무팀,사원,여성,34,4.2,54600000,4.4,18
EMP20250021,데이터전략팀,과장,남성,27,4.4,72000000,3.6,14
EMP20250446,데이터전략팀,과장,여성,32,3.2,73200000,3.7,17
EMP20250497,고객운영팀,사원,여성,27,3.3,46800000,3.9,11
EMP20250764,데이터전략팀,사원,남성,29,2.3,56900000,2.7,17
EMP20250741,고객운영팀,대리,여성,31,4.1,50000000,3.6,12
EMP20250391,데이터전략팀,과장,여성,46,12.7,77100000,3.6,11
EMP20251132,개발본부,대리,남성,32,3.0,64500000,3.0,21
EMP20250998,개발본부,대리,남성,34,4.6,72500000,4.3,32
EMP20250643,인사총무팀,차장,여성,35,5.9,70000000,3.8,12
EMP20250826,영업본부,부장,여성,40,10.2,92100000,4.5,17
EMP20250703,인사총무팀,사원,여성,33,2.3,47200000,3.4,9
EMP20250142,영업본부,대리,남성,38,3.9,55200000,3.2,7
EMP20250373,고객운영팀,사원,남성,26,0.8,40600000,3.9,12
EMP20250418,영업본부,사원,남성,33,2.2,49100000,3.0,18
EMP20250791,인사총무팀,부장,남성,43,9.6,78000000,3.4,6
EMP20251157,개발본부,과장,남성,35,6.4,75500000,2.0,18
EMP20250575,데이터전략팀,과장,여성,35,6.9,76100000,3.9,16
EMP20251150,영업본부,대리,여성,34,6.9,58700000,3.3,12
EMP20250559,인사총무팀,대리,남성,38,7.2,52100000,3.8,18
EMP20250395,데이터전략팀,과장,남성,38,6.0,73000000,3.2,31
EMP20250249,개발본부,과장,남성,40,12.1,83800000,4.3,24
EMP20250257,개발본부,과장,남성,38,8.2,82300000,4.4,29
EMP20250931,인사총무팀,차장,여성,36,4.4,72600000,3.7,20
EMP20250406,개발본부,사원,남성,40,4.7,67400000,4.2,19
EMP20250264,데이터전략팀,차장,여성,33,6.0,82500000,3.7,13
EMP20250419,데이터전략팀,과장,여성,35,5.1,75700000,3.8,17
EMP20250233,인사총무팀,과장,여성,35,7.2,62300000,3.5,14
EMP20250852,영업본부,대리,여성,,3.7,60600000,2.6,11
EMP20251092,영업본부,과장,남성,39,11.0,73300000,4.2,20
EMP20250872,개발본부,과장,남성,30,5.0,76200000,4.3,32
EMP20250472,인사총무팀,과장,여성,39,7.5,64500000,3.8,16
EMP20250648,영업본부,과장,남성,40,5.4,66200000,3.3,12
EMP20250583,영업본부,대리,남성,30,3.3,54400000,3.6,14
EMP20250809,데이터전략팀,대리,남성,36,2.4,65200000,4.2,17
EMP20250841,영업본부,대리,여성,34,4.0,61900000,3.9,11
EMP20250530,개발본부,과장,남성,36,6.7,74800000,3.5,22
EMP20250517,개발본부,과장,남성,33,7.0,77100000,3.8,27
EMP20250723,인사총무팀,과장,여성,39,8.8,68700000,3.7,8
EMP20251188,영업본부,사원,여성,36,4.6,58600000,3.7,15
EMP20250894,개발본부,차장,남성,40,7.0,82700000,3.6,29
EMP20250641,데이터전략팀,대리,여성,29,3.5,66200000,3.8,14
EMP20250952,인사총무팀,과장,남성,27,5.8,60900000,3.1,3
EMP20250381,영업본부,차장,여성,36,7.8,78300000,3.2,20
EMP20250386,인사총무,과장,남성,32,5.3,59100000,3.9,10
EMP20251167,영업본부,대리,여성,30,3.4,59100000,3.7,14
EMP20250960,개발본부,사원,남성,40,3.0,62900000,3.1,30
EMP20250218,개발본부,과장,남성,39,6.1,73900000,2.4,24
EMP20250797,영업본부,대리,남성,,2.4,56400000,4.6,14
EMP20250158,개발본부,대리,남성,38,7.3,69900000,3.1,22
EMP20250258,데이터전략팀,차장,남성,36,10.6,84400000,3.6,12
EMP20250978,영업본부,대리,남성,31,7.3,61400000,3.1,11
EMP20250275,개발본부,사원,남성,40,4.0,62900000,3.5,19
EMP20250858,개발본부,대리,남성,36,4.1,73500000,4.1,28
EMP20250765,영업본부,과장,남성,29,6.0,61800000,3.6,13
EMP20250891,데이터전략팀,사원,남성,30,1.0,54500000,3.4,14
EMP20250935,고객운영팀,사원,여성,29,2.2,41500000,3.1,13
EMP20250223,인사총무팀,대리,여성,38,8.6,58100000,3.2,2
EMP20251009,고객운영팀,과장,여성,34,4.9,61700000,3.5,7
EMP20250353,개발본부,대리,남성,30,5.4,73200000,3.2,25
EMP20251072,고객운영팀,차장,남성,31,7.0,64000000,3.5,11
EMP20251012,인사총무팀,과장,여성,39,8.9,65600000,4.4,5
EMP20250531,고객운영팀,사원,여성,26,1.1,41000000,3.1,15
EMP20250792,인사총무팀,과장,여성,34,7.1,63200000,3.9,6
EMP20250717,데이터전략팀,과장,남성,37,7.4,74900000,3.5,12
EMP20250184,인사총무팀,대리,여성,33,3.9,57100000,3.5,0
EMP20250122,인사총무팀,과장,남성,33,9.8,62400000,3.2,6
EMP20251165,영업본부,대리,남성,25,0.2,52000000,3.2,18
EMP20250633,개발본부,과장,남성,41,5.6,76600000,3.5,27
EMP20250492,개발본부,대리,남성,33,3.5,65100000,3.6,20
EMP20250673,개발본부,사원,여성,,1.4,62900000,3.4,19
EMP20250452,영업본부,차장,남성,35,7.5,73100000,2.8,12
EMP20250137,영업본부,대리,남성,32,4.8,58100000,2.8,17
EMP20250506,개발본부,과장,여성,32,5.2,79500000,3.7,29
EMP20250768,개발본부,과장,남성,36,4.2,76700000,3.7,25
EMP20250625,영업본부,대리,남성,35,5.1,63000000,3.3,13
EMP20250701,데이터전략팀,대리,남성,32,4.9,65000000,3.6,16
EMP20250117,개발본부,과장,남성,,5.5,77400000,3.4,39
EMP20250390,영업본부,대리,여성,39,7.4,64000000,3.3,22
EMP20251013,인사총무팀,사원,여성,31,0.2,48600000,3.5,11
EMP20250647,개발본부,대리,남성,31,3.6,69000000,3.3,31
EMP20250311,개발본부,대리,남성,30,3.8,68400000,3.4,35
EMP20250760,개발본부,대리,남성,31,2.4,67900000,3.0,27
EMP20250883,개발본부,사원,여성,29,1.4,63200000,3.4,21
EMP20250236,데이터전략팀,사원,남성,33,0.2,58800000,3.9,21
EMP20250524,개발본부,대리,남성,30,6.6,68700000,3.8,14
EMP20250281,고객운영팀,차장,여성,40,6.6,63400000,3.4,6
EMP20251036,개발본부,차장,남성,41,5.5,82600000,3.1,27
EMP20251090,고객운영팀,대리,여성,33,4.6,54000000,3.8,10
EMP20250700,고객운영팀,사원,여성,29,1.6,48200000,3.0,22
EMP20250697,데이터전략팀,과장,여성,30,3.5,75900000,4.2,31
EMP20250273,영업본부,부장,남성,44,8.8,88500000,3.4,18
EMP20250151,고객운영팀,사원,여성,23,0.3,40600000,2.5,9
EMP20250247,영업본부,차장,남성,42,9.3,76800000,3.5,19
EMP20250488,영업본부,과장,여성,37,7.2,67500000,4.2,18
EMP20251078,인사총무팀,과장,여성,43,8.1,63700000,3.7,3
EMP20250967,데이터전략팀,차장,여성,39,5.0,83300000,3.0,21
EMP20250839,영업본부,대리,여성,36,5.7,62800000,3.4,22
EMP20251170,영업본부,과장,남성,29,6.7,67300000,3.9,20
EMP20250239,고객운영팀,과장,여성,28,5.5,57100000,3.5,16
EMP20250374,데이터전략팀,과장,여성,35,6.8,80500000,3.7,24
EMP20251162,개발본부,차장,남성,31,7.5,86200000,3.3,23
EMP20250432,개발본부,과장,남성,37,7.0,79000000,3.6,30
EMP20250194,영업본부,과장,여성,34,5.8,66400000,3.6,18
EMP20250987,개발본부,과장,여성,,7.7,76800000,4.1,14
EMP20250036,데이터전략팀,대리,여성,33,7.2,69200000,3.7,13
EMP20251140,영업본부,사원,남성,31,2.1,52300000,2.9,12
EMP20250631,개발부서,대리,남성,35,4.8,72600000,3.4,22
EMP20251045,데이터전략팀,대리,남성,41,8.1,75400000,4.1,27
EMP20251156,영업본부,사원,여성,27,1.6,47200000,3.6,9
EMP20250459,인사총무팀,대리,여성,34,6.6,57900000,4.2,6
EMP20250064,개발본부,과장,남성,30,7.1,79300000,3.5,25
EMP20251087,인사총무팀,과장,남성,37,6.4,58300000,3.9,11
EMP20250124,고객운영팀,사원,남성,32,4.2,44900000,3.8,6
EMP20250415,데이터전략팀,대리,남성,30,4.1,71200000,3.7,15
EMP20250596,데이터전략팀,대리,남성,33,3.3,60100000,3.1,14
EMP20251123,데이터전략팀,사원,남성,32,2.9,61000000,3.6,24
EMP20250287,영업본부,사원,남성,29,1.1,50600000,4.5,7
EMP20250024,개발본부,차장,여성,49,9.6,89000000,3.7,30
EMP20250494,데이터전략팀,과장,남성,32,6.9,75500000,3.7,13
EMP20251148,개발본부,대리,남성,36,2.6,70700000,4.0,27
EMP20250047,개발 본부,대리,여성,40,7.8,75300000,3.8,24
EMP20250349,고객운영팀,대리,남성,33,5.7,49900000,3.5,7
EMP20250587,개발본부,차장,여성,36,9.0,87600000,3.6,31
EMP20250461,데이터전략팀,사원,남성,27,1.1,59500000,3.6,23
EMP20250326,데이터전략팀,과장,여성,36,6.3,75400000,3.3,20
EMP20251160,데이터전략팀,과장,여성,34,5.9,77000000,4.6,14
EMP20250619,고객운영팀,차장,여성,34,6.2,65200000,4.0,15
EMP20250799,개발본부,과장,여성,32,7.5,82000000,4.1,31
EMP20250113,개발본부,차장,남성,39,10.9,87800000,3.4,27
EMP20251097,개발본부,차장,남성,27,6.8,85000000,3.3,19
EMP20251103,인사총무팀,대리,여성,31,2.9,57000000,4.3,16
EMP20251076,데이터전략팀,대리,남성,32,3.9,63300000,3.6,19
EMP20251139,개발본부,차장,남성,37,9.5,90400000,3.5,29
EMP20250360,개발본부,과장,남성,30,5.6,76800000,4.2,29
EMP20250074,개발본부,대리,남성,38,5.3,69000000,4.3,30
EMP20250951,인사총무 팀,사원,남성,32,3.8,46600000,3.6,6
EMP20250186,인사총무팀,부장,여성,35,14.8,85100000,2.8,15
EMP20250352,개발본부,대리,남성,36,4.4,68700000,3.3,20
EMP20250681,인사총무팀,대리,남성,39,4.0,54600000,4.3,15
EMP20250339,고객운영팀,사원,여성,31,2.7,43800000,3.3,11
EMP20251135,영업본부,과장,여성,33,7.2,73300000,3.2,16
EMP20251173,인사총무팀,과장,여성,35,7.1,60100000,3.7,10
EMP20250069,데이터전략팀,대리,남성,30,2.9,66700000,3.8,16
EMP20251055,영업본부,대리,남성,35,3.1,59900000,3.0,25
EMP20250127,개발본부,과장,여성,36,6.6,77200000,3.3,27
EMP20251067,인사총무팀,대리,여성,45,8.2,58500000,3.0,3
EMP20250986,개발본부,사원,남성,29,0.2,62100000,3.4,24
EMP20251154,인사총무팀,과장,남성,37,5.5,58400000,3.4,8
EMP20250005,개발본부,사원,남성,27,0.2,60700000,2.6,33
EMP20250562,영업본부,사원,남성,25,3.6,53400000,3.6,16
EMP20250502,데이터전략팀,과장,남성,39,5.6,72500000,3.0,19
EMP20250423,고객운영팀,과장,여성,37,7.9,57100000,3.0,13
EMP20250202,인사총무팀,과장,남성,36,9.0,64200000,4.2,1
EMP20250830,데이터전략팀,대리,남성,32,2.7,58500000,2.5,21
EMP20250876,고객운영팀,대리,여성,36,2.8,45700000,3.6,20
EMP20250666,영업본부,과장,여성,31,4.1,67000000,2.8,21
EMP20250572,개발본부,차장,남성,34,5.2,81400000,3.6,31
EMP20250138,데이터전략팀,과장,남성,38,8.7,76700000,4.3,21
EMP20250918,고객운영팀,과장,여성,40,5.9,61700000,4.7,20
EMP20250539,개발본부,대리,남성,36,5.9,67000000,3.6,28
EMP20250456,개발본부,과장,여성,37,6.3,75200000,3.4,26
EMP20250143,데이터전략팀,차장,남성,35,6.7,77900000,2.9,8
EMP20251018,개발본부,대리,남성,35,3.1,65000000,2.5,13
EMP20250424,영업본부,과장,남성,39,4.9,65600000,3.7,28
EMP20250133,개발본부,과장,여성,35,7.0,79100000,3.2,22
EMP20250083,영업본부,과장,여성,27,3.8,67000000,3.5,12
EMP20250743,인사총무팀,사원,여성,30,1.5,47400000,2.9,12
EMP20250431,데이터전략팀,사원,남성,38,3.8,61500000,3.8,17
EMP20250721,고객운영팀,과장,남성,38,8.4,53300000,3.0,3
EMP20250873,개발본부,대리,여성,36,3.5,69800000,4.1,25
EMP20250627,개발본부,사원,남성,33,0.9,59100000,3.1,18
EMP20250312,개발본부,대리,남성,34,3.3,68900000,3.7,22
EMP20250450,개발본부,대리,남성,37,7.2,68400000,2.4,26
EMP20250728,인사총무팀,대리,남성,37,4.8,52100000,3.1,6
EMP20251014,데이터전략팀,대리,남성,26,5.0,72100000,4.4,30
EMP20250615,개발본부,과장,남성,33,7.5,75900000,4.0,23
EMP20250905,영업본부,과장,여성,32,4.4,70900000,3.5,28
EMP20250753,개발본부,사원,남성,35,4.7,61100000,3.4,30
EMP20250403,개발본부,대리,남성,36,5.4,67100000,3.5,23
EMP20251024,인사총무팀,대리,여성,36,6.6,59600000,3.3,3
EMP20250509,데이터전략팀,과장,여성,37,4.0,72500000,3.5,22
EMP20250096,영업본부,사원,남성,28,3.4,58800000,3.8,18
EMP20250248,인사총무팀,대리,여성,32,4.2,56400000,3.4,7
EMP20250099,개발본부,대리,남성,39,4.8,66800000,2.8,29
EMP20250278,개발본부,대리,남성,34,4.0,70800000,4.1,24
EMP20250018,영업본부,차장,여성,37,6.3,75100000,3.2,20
EMP20250334,개발본부,사원,여성,34,7.7,68700000,4.1,28
EMP20250900,개발본부,대리,남성,,5.4,70200000,3.5,25
EMP20251111,데이터전략팀,사원,남성,32,1.8,18000000,3.9,23
EMP20250168,인사총무팀,과장,남성,40,5.8,60300000,3.4,14
EMP20250348,데이터전략팀,대리,남성,37,4.7,64400000,3.3,26
EMP20250993,고객운영팀,대리,여성,29,1.3,49200000,3.9,5
EMP20250611,인사총무팀,과장,여성,40,7.9,65100000,3.9,8
EMP20250861,영업본부,과장,여성,31,7.1,72200000,3.8,16
EMP20250985,영업본부,대리,남성,32,3.2,55300000,3.2,15
EMP20250614,인사총무팀,사원,여성,28,2.1,51800000,3.7,11
EMP20250227,영업본부,과장,여성,36,8.2,74400000,4.2,29
EMP20250547,고객운영팀,대리,여성,29,2.9,49200000,3.5,14
EMP20250674,인사총무팀,사원,남성,43,8.0,55200000,3.1,13
EMP20250911,영업본부,과장,여성,33,8.2,72800000,3.7,35
EMP20251085,데이터전략팀,과장,남성,41,7.3,72900000,2.5,20
EMP20250832,데이터전략팀,과장,남성,30,7.1,70300000,3.8,17
EMP20251029,개발본부,대리,남성,34,2.8,69300000,3.0,33
EMP20250019,영업본부,과장,여성,31,5.0,63900000,3.7,8
EMP20251017,고객운영팀,과장,여성,44,9.7,63500000,3.4,23
EMP20250098,인사총무팀,과장,남성,37,5.4,60300000,3.1,11
EMP20251027,영업본부,과장,남성,39,6.1,68000000,3.6,25
EMP20250341,고객운영,과장,여성,32,7.1,61800000,3.6,28
EMP20250200,개발본부,과장,남성,34,5.8,77200000,3.7,11
EMP20250166,영업본부,사원,여성,40,8.2,58800000,3.3,18
EMP20250712,데이터전략팀,차장,여성,40,11.0,85900000,3.5,28
EMP20250796,개발본부,대리,남성,36,6.7,72600000,3.0,25
EMP20250115,영업본부,대리,남성,36,4.7,60200000,3.3,20
EMP20251098,영업본부,대리,여성,32,4.6,61900000,3.7,20
EMP20251104,영업본부,대리,여성,31,5.2,62600000,3.8,15
EMP20251108,개발본부,대리,남성,30,4.4,71100000,2.6,16
EMP20250982,개발본부,차장,남성,39,9.0,86200000,3.7,9
EMP20250208,영업본부,과장,남성,35,5.8,69200000,3.7,14
EMP20250857,데이터전략팀,사원,남성,34,2.2,56600000,3.5,12
EMP20250626,데이터전략팀,사원,남성,35,3.0,54000000,3.9,15
EMP20250921,개발본부,대리,남성,36,6.5,76600000,3.5,27
EMP20250589,데이터전략팀,차장,남성,35,6.3,80600000,3.6,28
EMP20250262,개발본부,과장,여성,40,10.6,82500000,3.3,31
EMP20250434,개발본부,과장,여성,38,8.5,82500000,3.8,30
EMP20250011,영업본부,대리,여성,29,3.6,62300000,3.8,24
EMP20251163,영업본부,대리,여성,40,10.4,63000000,3.2,16
EMP20250380,개발본부,사원,여성,31,1.0,64900000,3.6,15
EMP20250462,개발본부,사원,남성,43,7.3,69600000,3.7,17
EMP20250252,데이터전략팀,사원,남성,38,7.5,60900000,2.7,16
EMP20250155,인사총무팀,대리,여성,,2.9,51500000,3.9,8
EMP20250317,영업본부,사원,여성,33,3.8,56300000,3.9,16
EMP20251020,고객운영팀,사원,여성,28,0.8,40500000,2.8,9
EMP20250338,개발본부,과장,남성,35,6.8,75800000,2.4,14
EMP20250250,개발본부,사원,남성,31,3.4,69600000,4.3,23
EMP20250806,개발본부,차장,남성,,10.5,91600000,4.4,29
EMP20250545,고객운영팀,과장,남성,36,7.5,57700000,3.7,2
EMP20250063,개발본부,과장,남성,28,5.3,78000000,4.2,21
EMP20250161,고객운영팀,차장,남성,37,9.4,68700000,3.3,12
EMP20250342,개발본부,사원,여성,33,3.5,67900000,3.7,20
EMP20250851,개발본부,차장,남성,,10.6,87700000,3.2,22
EMP20250253,개발본부,부장,여성,49,9.8,96400000,3.3,23
EMP20250828,고객운영팀,사원,여성,30,2.7,43700000,3.6,2
EMP20250544,고객운영팀,대리,여성,35,3.4,47300000,2.7,8
EMP20251113,데이터전략팀,부장,남성,39,11.0,94500000,3.3,29
EMP20251086,영업본부,대리,여성,34,5.7,61800000,3.5,17
EMP20251193,개발본부,과장,여성,37,5.3,81900000,3.4,26
EMP20250105,인사총무팀,사원,남성,31,1.5,47100000,3.8,12
EMP20250880,인사총무팀,과장,남성,29,3.4,62900000,4.0,19
EMP20250439,인사총무팀,과장,여성,39,6.9,62500000,3.7,10
EMP20250067,개발본부,대리,남성,33,4.9,71200000,3.3,33
EMP20250302,인사총무팀,차장,여성,38,6.0,73200000,3.8,22
EMP20250316,데이터전략팀,대리,남성,35,3.8,64700000,3.2,18
EMP20250558,고객운영팀,사원,여성,31,4.8,45500000,4.0,13
EMP20250002,인사총무팀,과장,남성,32,6.0,59200000,2.6,4
EMP20250874,개발본부,차장,남성,27,4.9,79200000,2.1,24
EMP20250295,개발본부,과장,남성,42,6.5,73300000,3.3,16
EMP20250210,고객운영팀팀,과장,여성,37,5.6,57200000,3.8,12
EMP20250091,데이터전략팀,차장,남성,41,11.7,85300000,3.5,23
EMP20250528,개발본부,대리,남성,29,3.2,66900000,3.9,23
EMP20250209,영업본부,사원,남성,33,0.5,52700000,3.2,18
EMP20250050,개발본부,부장,남성,46,12.1,98800000,3.2,25
EMP20250734,개발본부,사원,남성,35,8.9,70900000,3.0,29
EMP20250033,영업본부,과장,남성,34,7.9,66000000,3.5,12
EMP20250557,영업본부,과장,여성,34,2.0,64600000,3.3,13
EMP20250372,고객운영팀,대리,여성,34,5.9,52200000,3.6,9
EMP20250889,고객운영팀,대리,여성,38,4.8,52200000,3.5,6
EMP20250937,데이터전략팀,부장,남성,34,10.3,93400000,3.3,10
EMP20250515,고객운영팀,과장,남성,32,3.6,52800000,3.1,12
EMP20250216,개발본부,사원,남성,30,0.2,59500000,3.3,27
EMP20250328,개발본부,사원,남성,35,0.2,59800000,3.9,17
EMP20250167,개발본부,대리,남성,35,4.0,67800000,2.7,25
EMP20250331,데이터전략팀,과장,남성,34,3.3,70900000,2.5,18
EMP20250966,영업 본부,사원,남성,39,4.9,55700000,3.7,19
EMP20251152,고객운영팀,대리,여성,34,3.2,53600000,4.3,15
EMP20250022,데이터전략팀,과장,여성,29,5.2,72900000,4.2,22
EMP20250618,개발본부,대리,남성,35,7.1,74900000,4.0,27
EMP20250046,개발본부,과장,여성,40,8.9,78500000,3.3,18
EMP20251089,영업본부,차장,여성,40,10.3,79100000,4.2,21
EMP20250879,고객운영팀,대리,여성,29,2.6,45500000,3.2,17
EMP20250061,개발본부,과장,여성,32,8.8,77500000,2.7,26
EMP20250831,영업본부,대리,남성,37,1.5,57900000,3.5,20
EMP20250126,고객운영팀,대리,여성,39,6.0,54400000,3.5,19
EMP20250290,고객운영팀,사원,남성,29,0.7,37500000,3.2,11
EMP20250150,데이터전략팀,사원,남성,27,0.2,49700000,2.4,20
EMP20251026,고객운영팀,차장,여성,42,9.1,65900000,3.7,10
EMP20250476,데이터전략팀,차장,여성,43,10.0,83300000,3.9,17
EMP20250335,고객운영팀,대리,여성,34,7.7,52000000,3.3,16
EMP20250836,개발본부,과장,남성,33,6.0,77000000,3.5,35
EMP20250510,개발본부,과장,남성,39,11.6,83400000,3.1,31
EMP20250303,개발본부,과장,남성,36,5.1,78100000,3.6,37
EMP20250404,고객운영팀,과장,여성,33,3.2,50700000,2.6,4
EMP20250635,영업본부,과장,남성,30,7.2,68500000,2.9,28
EMP20250503,데이터전략팀,과장,여성,30,2.9,72900000,3.8,19
EMP20250176,데이터전략팀,사원,여성,30,1.7,59100000,3.6,23
EMP20250435,데이터전략팀,사원,남성,32,3.9,62500000,3.1,24
EMP20250972,개발본부,대리,남성,34,5.0,71800000,3.9,18
EMP20250968,고객운영팀,차장,남성,40,11.3,71600000,4.0,16
EMP20250604,개발본부,대리,남성,31,6.3,70300000,3.5,18
EMP20250825,영업본부,과장,남성,39,8.0,67900000,3.6,15
EMP20250012,개발본부,대리,남성,35,4.3,69500000,3.5,27
EMP20250745,데이터전략팀,과장,남성,34,5.5,73300000,3.1,15
EMP20250762,고객운영팀,대리,남성,37,2.5,46900000,3.4,17
EMP20251125,영업본부,차장,여성,40,10.2,81000000,4.0,11
EMP20250726,개발본부,대리,여성,42,5.0,72400000,3.2,28
EMP20250173,개발본부,차장,여성,36,8.1,87400000,3.1,26
EMP20250427,영업본부,차장,여성,37,9.3,76400000,3.9,27
EMP20250534,인사총무팀,과장,남성,38,6.5,58300000,3.3,14
EMP20250963,개발본부,대리,남성,30,7.0,67600000,3.0,27
EMP20250470,고객운영팀,차장,여성,44,11.1,73600000,5.0,19
EMP20250867,데이터전략팀,대리,여성,28,0.6,66800000,3.9,15
EMP20250422,개발본부,대리,남성,,4.2,67600000,3.1,27
EMP20250853,고객운영팀,과장,여성,40,9.0,57100000,3.7,8
EMP20250805,인사총무팀,대리,여성,35,3.8,57900000,4.3,11
EMP20250654,고객운영팀,대리,남성,31,0.2,45200000,3.7,5
EMP20250675,인사총무팀,차장,여성,30,5.1,68100000,3.5,14
EMP20250027,영업본부,과장,남성,34,5.4,63300000,2.8,12
EMP20250713,개발본부,사원,남성,26,2.1,62900000,3.0,27
EMP20250543,개발본부,과장,남성,34,5.2,75500000,2.8,34
EMP20250147,영업본부,부장,남성,29,9.0,88100000,3.3,16
EMP20250823,영업본부,과장,남성,34,6.6,63100000,3.1,12
EMP20250608,인사총무팀,사원,여성,30,0.2,47100000,3.0,1
EMP20250897,개발본부,대리,남성,27,2.2,68900000,3.0,22
EMP20251095,영업본부,과장,남성,37,6.5,70900000,4.3,10
EMP20250568,개발본부,대리,남성,32,4.8,71000000,3.3,23
EMP20250928,고객운영팀,차장,여성,38,7.7,70400000,3.9,26
EMP20250396,고객운영팀,사원,여성,32,0.6,42500000,3.1,6
EMP20250465,영업본부,대리,여성,39,5.2,57300000,0.0,6
EMP20250440,개발본부,과장,남성,33,3.4,75800000,4.1,32
EMP20250367,개발본부,대리,남성,34,10.4,73400000,3.0,29
EMP20250670,고객운영팀,사원,여성,29,2.0,45400000,2.6,12
EMP20250284,영업본부,차장,여성,34,6.2,75300000,3.4,20
EMP20250455,고객운영팀,사원,여성,31,4.7,46400000,3.9,12
EMP20251126,개발본부,과장,남성,36,6.0,79300000,3.4,38
EMP20250414,개발본부,사원,남성,29,2.1,63600000,3.8,29
EMP20250682,데이터전략팀,대리,남성,39,5.5,64900000,3.5,17
EMP20250475,영업본부,대리,여성,42,6.6,61500000,3.6,20
EMP20250268,데이터전략팀,사원,여성,33,2.2,65100000,3.6,18
EMP20250910,인사총무 팀,대리,여성,43,7.1,57700000,4.1,8
EMP20250837,영업본부,과장,남성,33,5.4,61300000,3.4,12
EMP20250411,데이터전략팀,차장,여성,36,6.1,81000000,3.8,19
EMP20250070,데이터전략팀,대리,남성,35,3.2,62600000,3.5,12
EMP20250685,인사총무팀,과장,여성,31,4.3,61900000,3.7,13
EMP20250678,영업본부,사원,여성,26,2.3,59400000,4.1,19
EMP20250154,개발본부,차장,남성,37,10.3,83700000,3.6,24
EMP20250716,영업본부,대리,남성,29,3.3,58700000,3.8,11
EMP20250704,인사총무팀,대리,여성,32,6.5,55600000,2.9,18
EMP20250975,고객운영팀,대리,여성,32,0.5,45500000,3.6,20
EMP20250801,개발본부,사원,남성,24,0.2,57300000,3.2,23
EMP20250412,데이터전략팀,대리,남성,28,3.2,65000000,3.4,15
EMP20250932,고객운영팀,대리,여성,33,4.0,50700000,4.3,16
EMP20250053,개발본부,대리,여성,39,7.9,74300000,3.1,26
EMP20250421,개발본부,사원,남성,33,1.6,63200000,3.1,24
EMP20250551,개발본부,부장,여성,38,9.3,97000000,3.5,28
EMP20250767,개발본부,사원,남성,35,4.0,61100000,2.6,27
EMP20250228,개발본부,과장,남성,35,6.8,73600000,3.3,31
EMP20250460,개발본부,대리,여성,,8.2,76900000,4.1,28
EMP20251075,고객운영팀,대리,여성,32,3.5,50200000,4.2,15
EMP20250549,데이터전략팀,과장,여성,34,8.5,78800000,3.8,23
EMP20250436,개발본부,대리,여성,35,7.5,212000000,4.1,26
EMP20250665,인사총무팀,과장,여성,34,5.3,62100000,3.7,12
EMP20250356,개발본부,대리,남성,37,6.5,69900000,3.9,28
EMP20250183,개발본부,대리,남성,37,5.9,70700000,4.2,33
EMP20250211,고객운영팀,대리,여성,36,7.8,55800000,3.8,16
EMP20250538,고객운영팀,대리,여성,34,2.9,49000000,3.4,17
EMP20250950,인사총무팀,대리,여성,36,3.5,55400000,4.0,9
EMP20250938,인사총무팀,사원,여성,39,8.6,240000000,3.1,10
EMP20250369,영업본부,부장,남성,37,6.3,80900000,3.2,16
EMP20251058,영업본부,과장,남성,40,9.7,67800000,3.5,12
EMP20250256,고객운영팀,과장,남성,37,5.0,56200000,3.4,9
EMP20250813,영업본부,과장,남성,36,7.2,64600000,3.3,17
EMP20250347,영업본부,과장,남성,35,8.6,70500000,3.5,8
EMP20250052,고객운영팀,차장,여성,34,8.0,69000000,3.0,23
EMP20251062,영업본부,사원,남성,32,1.6,50300000,3.9,11
EMP20250980,개발본부,차장,남성,28,9.1,85600000,3.4,16
EMP20250859,영업본부,대리,남성,34,5.6,58800000,3.6,16
EMP20250266,영업본부,대리,여성,32,7.4,68200000,3.6,23
EMP20251130,개발본부,대리,여성,38,3.0,71600000,3.5,34
EMP20250399,영업본부,사원,남성,32,4.8,54800000,3.5,23
EMP20250948,영업본부,과장,여성,26,4.6,72000000,3.6,18
EMP20250893,데이터전략팀,사원,남성,37,4.5,58700000,3.8,16
EMP20250920,개발본부,사원,남성,33,1.1,64500000,3.6,18
EMP20250886,인사총무팀,과장,여성,26,6.2,59500000,3.6,16
EMP20250646,데이터전략팀,대리,남성,30,2.9,63800000,3.7,23
EMP20250957,인사총무팀,사원,여성,28,2.4,44000000,3.4,14
EMP20250201,영업본부,대리,여성,38,4.0,60400000,3.9,13
EMP20250956,인사총무팀,대리,여성,33,4.1,54500000,3.3,8
EMP20250058,고객운영팀,과장,여성,36,8.0,57500000,3.7,17
EMP20250684,영업본부,차장,남성,34,4.7,72900000,3.2,21
EMP20250477,개발본부,대리,남성,30,3.5,69000000,3.0,23
EMP20250554,영업본부,과장,여성,36,6.8,70000000,4.1,13
EMP20250819,개발본부,사원,남성,35,5.3,63300000,3.8,30
EMP20250051,영업본부,사원,남성,30,1.8,51700000,3.1,26
EMP20250719,영업본부,사원,남성,25,1.5,51400000,2.9,13
EMP20251028,데이터전략팀,사원,남성,36,3.6,61700000,3.1,9
EMP20250402,고객운영팀,사원,여성,28,0.2,41400000,4.0,21
EMP20250101,데이터전략팀,사원,여성,28,0.2,60800000,3.5,16
EMP20250505,고객운영팀,대리,남성,33,4.8,46900000,2.7,2
EMP20250617,데이터전략팀,사원,남성,29,3.7,60500000,3.2,17
EMP20250769,데이터전략팀,과장,남성,37,8.1,78500000,3.8,18
EMP20250379,인사총무팀,대리,여성,32,2.8,51200000,3.7,10
EMP20250994,인사총무팀,사원,여성,26,4.3,47200000,3.2,5
EMP20250400,데이터전략팀,사원,남성,44,4.5,61400000,3.6,18
EMP20250573,데이터전략팀,사원,여성,30,1.5,61500000,3.4,27
EMP20250003,개발본부,과장,남성,32,4.7,76100000,3.6,15
EMP20250079,인사총무팀,대리,여성,38,6.7,58600000,3.4,18
EMP20250970,영업본부,과장,남성,36,6.2,67900000,4.3,19
EMP20250425,데이터전략팀,사원,여성,29,1.5,61700000,3.8,12
EMP20250388,영업본부,과장,남성,35,6.1,66500000,3.6,19
EMP20250029,개발본부,대리,여성,35,5.5,73600000,3.7,33
EMP20250141,고객운영팀,차장,여성,28,9.6,67500000,3.6,8
EMP20251149,개발본부,과장,남성,29,7.5,74800000,3.1,19
EMP20250942,영업본부,과장,여성,37,5.2,66500000,2.9,17
EMP20250039,개발본부,차장,여성,28,9.7,87500000,6.0,25
EMP20250140,인사총무팀,사원,여성,35,3.5,49300000,3.1,15
EMP20251005,인사총무팀,과장,여성,37,5.5,65100000,4.5,17
EMP20250358,개발본부,대리,남성,32,4.4,70300000,2.9,11
EMP20250778,영업본부,대리,여성,,3.9,62500000,3.4,13
EMP20251129,인사총무팀,과장,남성,34,7.8,62800000,3.9,17
EMP20250829,개발본부,차장,남성,41,5.9,90500000,3.5,28
EMP20250579,인사총무팀,대리,여성,33,4.8,54400000,3.8,5
EMP20250389,개발본부,과장,남성,35,5.4,78000000,3.8,29
EMP20250362,개발본부,대리,남성,35,3.5,72800000,3.7,34
EMP20250868,고객운영팀,과장,여성,38,7.9,56100000,2.7,0
EMP20250107,고객운영팀,과장,여성,43,8.4,61300000,3.4,14
EMP20250213,데이터전략팀,사원,남성,37,5.6,63300000,4.3,15
EMP20250804,데이터전략팀,과장,여성,35,9.1,74600000,3.6,15
EMP20250896,개발본부,대리,남성,32,3.0,68400000,6.0,28
EMP20251172,개발본부,사원,남성,32,3.8,64600000,3.3,36
EMP20250884,데이터전략팀,사원,남성,30,1.6,53600000,3.0,20
EMP20251094,인사총무팀,사원,여성,24,2.5,50100000,4.2,10
EMP20250929,영업본부,대리,남성,36,6.7,64200000,4.4,16
EMP20250917,데이터전략팀,사원,남성,24,1.4,52900000,3.1,17
EMP20250364,인사총무팀,대리,여성,35,4.9,53900000,3.7,4
EMP20251052,인사총무팀,대리,여성,28,4.8,55400000,3.7,15
EMP20250943,데이터전략팀,차장,여성,37,5.0,76000000,6.0,12
EMP20250919,개발본부,사원,여성,31,3.5,67900000,3.7,25
EMP20250632,인사총무팀,사원,여성,24,0.8,46800000,2.7,9
EMP20250821,데이터전략팀,부장,여성,42,10.7,97200000,4.3,20
EMP20250377,인사총무팀,과장,여성,38,6.0,62300000,4.0,10
EMP20250563,인사총무팀,과장,여성,41,5.6,58500000,2.8,8
EMP20250016,개발본부,대리,남성,31,6.8,67800000,3.2,16
EMP20250300,고객운영팀,대리,여성,33,3.8,49600000,3.7,13
EMP20250261,데이터전략팀,사원,남성,27,3.5,58900000,3.2,17
EMP20250567,인사총무팀,부장,여성,44,14.7,87400000,2.8,9
EMP20250514,고객운영팀,대리,여성,31,3.9,56400000,3.2,10
EMP20250006,고객운영팀,사원,여성,32,0.4,44700000,4.2,23
EMP20250296,영업본부,차장,여성,34,9.4,78900000,3.7,30
EMP20251145,인사총무팀,사원,여성,35,4.7,53900000,4.0,5
EMP20250089,인사총무팀,대리,여성,34,6.0,57800000,3.3,21
EMP20250059,인사총무팀,사원,여성,39,6.0,50600000,3.4,7
EMP20250961,인사총무팀,과장,여성,38,4.4,62400000,4.1,8
EMP20250286,인사총무 팀,대리,여성,39,7.6,62100000,3.6,23
EMP20250953,인사총무팀,과장,여성,40,6.1,66100000,3.5,5
EMP20250624,인사총무팀,과장,여성,40,6.6,60000000,3.5,1
EMP20250282,인사총무팀,차장,남성,33,6.8,69700000,3.4,2
EMP20250242,데이터전략팀,대리,남성,32,6.5,68100000,3.9,36
EMP20251198,고객운영팀,과장,여성,34,5.9,59600000,3.6,11
EMP20250629,데이터전략팀,과장,여성,36,5.2,70500000,3.1,23
EMP20250225,개발본부,대리,남성,31,4.0,75000000,3.7,35
EMP20250781,개발본부,대리,남성,44,8.3,71900000,3.3,21
EMP20251131,영업본부,대리,남성,36,2.9,56100000,3.6,15
EMP20250482,데이터전략팀,과장,여성,42,10.9,76500000,3.2,23
EMP20251100,데이터전략팀,사원,남성,39,1.7,59500000,3.2,27
EMP20251118,데이터전략팀,과장,남성,34,4.8,68900000,3.5,12
EMP20250298,인사총무팀,과장,여성,34,5.6,64400000,4.0,2
EMP20250160,개발본부,대리,여성,35,4.1,72400000,4.3,20
EMP20250103,영업본부,대리,남성,30,6.8,59300000,3.6,25
EMP20250644,고객운영팀,대리,여성,35,7.0,51600000,3.4,17
EMP20251124,개발본부,차장,남성,38,9.8,87000000,3.4,27
EMP20250708,데이터전략팀,사원,여성,41,8.6,68200000,3.3,28
EMP20251134,데이터전략팀,대리,남성,34,4.6,63300000,3.5,26
EMP20250992,영업본부,과장,남성,36,6.4,69500000,3.8,23
EMP20250766,개발본부,과장,남성,36,8.9,78400000,3.0,29
EMP20250692,데이터전략팀,사원,남성,29,1.4,62200000,4.1,21
EMP20250622,개발본부,과장,남성,,5.9,76800000,4.0,27
EMP20251053,고객운영팀,대리,남성,39,8.6,55100000,3.9,21
EMP20250146,데이터전략팀,과장,남성,37,7.3,70300000,3.7,15
EMP20250683,데이터전략팀,사원,남성,31,2.4,61700000,4.1,24
EMP20250114,인사총무팀,과장,여성,36,5.7,63700000,3.6,11
EMP20250855,영업본부,대리,여성,38,2.9,57500000,3.2,13
EMP20250289,영업본부,차장,여성,36,6.3,74800000,3.8,22
EMP20250355,데이터전략팀,과장,여성,34,5.9,74200000,3.1,19
EMP20250784,영업본부,과장,남성,36,6.0,64600000,4.0,22
EMP20250499,고객운영팀,과장,여성,38,5.2,56000000,3.8,11
EMP20250866,인사총무팀,사원,남성,29,1.0,40400000,2.9,7
EMP20251184,인사총무팀,사원,여성,29,1.2,46600000,3.8,9
EMP20250130,영업본부,사원,남성,28,0.4,50900000,3.5,20
EMP20250120,개발본부,과장,남성,31,10.4,81600000,3.3,27
EMP20250265,영업본부,과장,남성,34,6.1,63000000,2.8,13
EMP20250698,데이터전략팀,사원,여성,35,1.2,58800000,3.5,23
EMP20250337,영업본부,대리,남성,34,5.2,56500000,4.4,19
EMP20250822,영업본부,사원,남성,26,1.6,50500000,2.7,15
EMP20250301,영업본부,사원,여성,23,1.0,54000000,3.9,10
EMP20250603,개발본부,대리,남성,26,2.3,66400000,3.1,29
EMP20250222,인사총무팀,차장,여성,36,7.7,74500000,4.8,13
EMP20250800,영업본부,대리,여성,31,4.1,63200000,0.0,11
EMP20251189,개발본부,과장,남성,45,10.3,81600000,3.7,35
EMP20250468,개발본부,과장,여성,36,7.8,83700000,4.0,33
EMP20251093,데이터전략팀,대리,여성,39,8.0,75100000,3.8,20
EMP20250108,인사총무팀,대리,남성,36,8.1,55300000,3.9,4
EMP20250479,데이터전략팀,대리,남성,34,4.0,65000000,4.2,15
EMP20250308,개발본부,부장,남성,38,7.0,95100000,3.2,27
EMP20250818,개발본부,사원,남성,27,2.6,58900000,4.0,22
EMP20251109,인사총무팀,사원,여성,28,3.5,51300000,3.9,12
EMP20250584,개발본부,대리,여성,33,5.9,71100000,2.6,24
EMP20251066,영업본부,사원,남성,34,3.0,51500000,2.8,15
EMP20250405,데이터전략팀,과장,남성,34,8.7,75800000,3.5,23
EMP20251046,영업본부,과장,여성,37,12.1,76100000,3.2,29
EMP20250318,고객운영팀,대리,남성,38,2.6,42000000,2.9,11
EMP20250582,데이터전략팀,사원,남성,36,4.3,60000000,3.3,18
EMP20250564,고객운영팀,과장,여성,37,3.8,57700000,3.9,11
EMP20250954,고객운영팀,차장,여성,40,6.7,68900000,4.5,19
EMP20251044,고객운영팀,차장,여성,36,9.2,69900000,3.6,18
EMP20250408,개발본부,과장,남성,41,6.9,78800000,3.0,31
EMP20250365,고객운영팀,사원,남성,27,1.7,42000000,3.7,25
EMP20250473,고객운영팀,대리,여성,32,3.1,46300000,3.4,15
EMP20250511,개발본부,대리,여성,37,5.4,74400000,3.7,24
EMP20250097,데이터전략팀,사원,남성,28,4.0,56600000,3.0,21
EMP20250971,개발본부,과장,남성,38,5.6,75100000,3.0,29
EMP20250259,개발본부,과장,남성,28,5.5,75700000,3.9,19
EMP20250327,영업본부,과장,남성,31,4.2,64100000,3.6,19
EMP20250413,영업본부,사원,남성,26,0.2,54600000,3.4,8
EMP20250234,영업본부,과장,남성,39,10.2,72900000,3.5,35
EMP20251180,개발본부,대리,남성,31,4.3,70400000,3.6,24
EMP20251039,데이터전략팀,과장,남성,40,6.8,67700000,2.5,25
EMP20250616,개발본부,차장,남성,34,5.4,80900000,3.7,23
EMP20250082,개발본부,사원,남성,28,1.5,56700000,2.9,25
EMP20250999,인사총무팀,과장,여성,34,5.3,64100000,4.4,9
EMP20250783,데이터전략팀,대리,남성,32,6.8,71800000,3.4,32
EMP20251007,영업본부,과장,남성,37,4.4,63700000,3.4,16
EMP20250941,고객운영팀,차장,여성,31,5.0,62900000,4.0,11
EMP20250271,데이터전략팀,사원,여성,28,4.8,62400000,4.3,23
EMP20251081,인사총무팀,과장,남성,34,5.3,57800000,3.8,5
EMP20250535,데이터전략팀,대리,남성,41,8.4,61600000,2.4,24
EMP20251037,개발본부,대리,남성,34,4.2,68400000,3.9,20
EMP20250628,인사총무팀,과장,여성,39,6.1,61300000,3.9,2
EMP20250639,개발본부,대리,남성,34,2.8,70900000,2.7,29
EMP20250203,영업본부,과장,남성,34,6.1,68800000,3.8,18
EMP20250590,영업본부,대리,여성,30,3.0,63200000,4.3,13
EMP20250513,데이터전략팀,차장,남성,32,9.3,82600000,4.1,29
EMP20251176,고객운영팀,과장,여성,33,5.8,59400000,4.2,19
EMP20250014,영업본부,대리,여성,35,8.3,68300000,3.4,18
EMP20250955,개발본부,대리,남성,34,6.1,70700000,3.2,38
EMP20250325,고객운영팀,과장,여성,41,9.8,59600000,3.0,12
EMP20250602,개발본부,대리,남성,30,4.8,66200000,2.9,29
EMP20250075,개발본부,사원,남성,25,0.2,63800000,3.2,36
EMP20250174,개발본부,사원,남성,32,2.2,64800000,4.1,29
EMP20250329,인사총무팀,과장,여성,34,6.5,65800000,3.5,12
EMP20251021,인사총무팀,과장,여성,40,9.2,63000000,3.9,17
EMP20250930,개발본부,과장,남성,39,4.8,78000000,4.1,20
EMP20250725,개발본부,과장,남성,37,7.3,75500000,2.9,38
EMP20250180,영업본부,과장,여성,38,5.6,65200000,4.0,14
EMP20250466,데이터전략팀,사원,남성,28,1.4,60100000,6.0,21
EMP20250054,개발본부,사원,남성,36,3.8,64300000,3.3,24
EMP20250193,개발본부,사원,남성,29,1.3,64600000,3.7,29
EMP20251032,영업본부,대리,여성,36,6.5,65300000,4.4,11
EMP20250676,영업본부,과장,여성,39,9.6,71000000,3.2,18
EMP20250445,인사총무팀,대리,여성,37,8.7,16000000,3.8,18
EMP20250471,영업본부,과장,여성,,6.0,66400000,3.5,19
EMP20250428,인사총무팀,과장,남성,36,7.2,60600000,3.0,11
EMP20250323,데이터전략팀,과장,남성,36,7.3,71900000,3.6,22
EMP20250802,개발본부,대리,남성,38,4.2,70100000,3.1,28
EMP20251048,영업본부,대리,남성,36,4.5,56200000,3.5,10
EMP20251185,데이터전략팀,사원,남성,30,3.0,52300000,3.2,14
EMP20250812,영업본부,대리,여성,39,8.6,66000000,4.2,14
EMP20251073,데이터전략팀,과장,남성,32,5.7,69100000,3.4,24
EMP20251146,인사총무팀,사원,여성,30,3.1,54400000,4.5,16
EMP20250086,인사총무팀,사원,여성,36,0.2,47000000,4.5,0
EMP20250705,개발본부,사원,남성,32,4.9,61900000,3.3,18
EMP20251169,고객운영팀,사원,여성,27,1.8,41900000,3.0,17
EMP20250686,인사총무팀,차장,여성,35,9.3,72500000,3.2,10
EMP20250908,고객운영팀,사원,여성,32,1.4,44900000,4.4,18
EMP20250890,데이터전략팀,사원,남성,27,1.9,58100000,3.8,27
EMP20250366,고객운영팀,차장,여성,36,7.2,64000000,3.5,17
EMP20251056,고객운영팀,과장,여성,30,6.2,57500000,3.1,19
EMP20251174,영업본부,과장,남성,32,5.4,65800000,3.2,20
EMP20250748,개발본부,대리,남성,30,3.9,68500000,3.6,30
EMP20251080,영업본부,사원,남성,30,1.2,55900000,3.6,19
EMP20250959,개발본부,과장,남성,32,6.7,75000000,4.1,24
EMP20250881,데이터전략팀,대리,여성,35,8.9,70100000,3.5,23
EMP20250687,데이터전략팀,대리,남성,30,4.8,63100000,4.0,15
EMP20250518,데이터전략팀,대리,남성,36,3.5,64500000,3.9,22
EMP20251120,개발본부,사원,남성,33,2.6,64300000,3.4,28
EMP20251105,개발본부,과장,남성,36,7.5,80600000,4.0,24
EMP20250865,영업본부,사원,남성,36,4.0,51000000,3.5,12
EMP20250251,영업본부,사원,남성,34,6.3,53200000,3.3,15
EMP20250345,영업본부,사원,남성,37,3.2,53800000,3.1,16
EMP20250217,영업본부,과장,남성,41,8.4,68500000,3.9,23
EMP20250578,데이터전략팀,사원,남성,28,2.4,59700000,3.9,19
EMP20250621,고객운영팀,과장,남성,,5.9,53300000,3.4,10
EMP20250696,데이터전략팀,대리,남성,37,5.0,68100000,3.8,16
EMP20250755,개발본부,사원,남성,29,2.1,67900000,3.6,22
EMP20250040,영업본부,사원,남성,26,1.9,47600000,2.9,20
EMP20250541,고객운영팀,대리,여성,36,4.9,48200000,2.4,7
EMP20250229,개발본부,과장,남성,36,5.7,79700000,3.5,27
EMP20250504,고객운영팀,사원,남성,39,8.2,48600000,4.1,14
EMP20250013,개발본부,과장,남성,40,6.2,77200000,3.3,27
EMP20250915,개발본부,사원,남성,27,1.7,64700000,4.0,21
EMP20251049,개발본부,대리,남성,34,6.1,72000000,3.1,31
EMP20250609,데이터전략팀,과장,남성,40,3.4,72100000,4.2,19
EMP20250171,영업본부,사원,여성,36,3.6,59200000,3.2,19
EMP20250144,영업본부,대리,남성,28,4.7,58900000,3.8,17
EMP20250785,인사총무팀,과장,여성,33,5.4,62100000,4.9,3
EMP20250585,데이터전략팀,대리,남성,34,3.8,68900000,4.3,20
EMP20251179,영업본부,과장,남성,36,5.8,68800000,4.0,14
EMP20250351,개발본부,사원,남성,37,4.7,65100000,3.4,12
EMP20250738,개발본부,대리,여성,35,6.6,76800000,4.6,23
EMP20251001,개발본부,사원,남성,27,1.2,60800000,3.2,25
EMP20250164,개발본부,대리,남성,33,5.2,69700000,3.3,25
EMP20251042,영업본부,과장,여성,35,11.0,72600000,3.8,20
EMP20250491,영업본부,과장,여성,36,6.9,67300000,2.9,11
EMP20251106,개발본부,사원,남성,29,6.9,70800000,4.0,32
EMP20250269,인사총무팀,대리,여성,30,3.4,54400000,2.6,17
EMP20250483,데이터전략팀,사원,남성,34,3.7,61900000,3.6,29
EMP20250613,개발본부,과장,여성,33,6.4,78500000,3.8,26
EMP20250260,고객운영팀,과장,여성,42,6.5,59400000,4.4,10
EMP20250084,개발본부,과장,남성,34,7.1,77200000,3.9,27
EMP20250238,데이터전략팀,대리,남성,39,8.0,65500000,2.9,28
EMP20251158,개발본부,과장,남성,35,7.5,76400000,3.2,24
EMP20250776,데이터전략팀,사원,남성,31,3.8,60500000,3.3,27
EMP20250255,인사총무팀,과장,남성,33,5.8,61400000,4.4,1
EMP20250574,영업본부,차장,남성,40,9.6,75700000,3.0,14
EMP20250736,데이터전략팀,과장,남성,39,5.6,74400000,3.8,22
EMP20250586,개발본부,과장,남성,32,6.6,74500000,3.9,14
EMP20251168,데이터전략팀,대리,여성,31,4.0,62500000,3.6,20
EMP20250637,개발본부,과장,남성,42,8.4,80900000,3.8,30
EMP20250537,데이터전략팀,대리,남성,41,7.8,69000000,3.3,20
EMP20250689,개발본부,과장,남성,35,7.0,77800000,3.6,34
EMP20250595,인사총무팀,사원,여성,35,3.4,50000000,3.8,6
EMP20250789,인사총무팀,차장,여성,43,9.9,71300000,3.4,18
EMP20250437,개발본부,과장,여성,39,7.1,80700000,3.8,28
EMP20250529,영업본부,사원,여성,31,2.3,48100000,3.8,6
EMP20250212,영업본부,차장,여성,38,7.3,76300000,4.1,13
EMP20250740,고객운영팀,과장,여성,36,6.7,62700000,4.0,16
EMP20250751,개발본부,과장,남성,37,7.3,75900000,3.4,24
EMP20250119,영업본부,대리,남성,39,5.3,55700000,3.1,16
EMP20251019,개발본부,과장,남성,32,8.0,78400000,3.2,26
EMP20250848,인사총무팀,과장,남성,40,5.6,59800000,3.1,14
EMP20250598,고객운영팀,과장,여성,29,5.6,61200000,3.6,15
EMP20250110,인사총무팀,대리,여성,33,6.6,56900000,3.5,5
EMP20251099,데이터전략팀,사원,남성,33,3.8,61600000,4.4,16
EMP20251054,데이터전략팀,차장,남성,38,5.0,79000000,3.8,27
EMP20250448,영업본부,사원,여성,26,1.2,55800000,3.4,17
EMP20250049,개발본부,사원,남성,33,4.8,65100000,3.3,24
EMP20251033,인사총무팀,과장,여성,37,5.4,66700000,4.1,18
EMP20250770,고객운영팀,대리,여성,32,3.9,50800000,4.2,4
EMP20250314,고객운영팀,과장,여성,41,7.1,64000000,4.4,25
EMP20250940,고객운영팀,사원,여성,38,0.2,46400000,4.2,12
EMP20250902,데이터전략팀,사원,남성,34,8.4,63800000,2.7,14
EMP20250272,영업본부,대리,여성,34,3.9,55000000,3.8,18
EMP20250569,고객운영팀,사원,남성,35,2.3,43900000,3.1,20
EMP20251102,고객운영팀,사원,남성,34,1.5,36700000,2.6,25
EMP20250221,고객운영팀,과장,여성,30,5.0,52900000,3.4,7
EMP20250620,개발본부,대리,남성,36,7.5,74100000,3.8,24
EMP20250808,고객운영팀,과장,여성,33,2.7,59000000,4.0,17
EMP20250485,개발 본부,과장,남성,35,6.4,74300000,3.4,15
EMP20250507,개발본부,대리,남성,29,3.1,69000000,4.3,22
EMP20250540,데이터전략팀,차장,남성,41,6.7,80500000,4.6,18
EMP20250653,영업본부,과장,여성,33,7.0,66900000,4.0,10
EMP20250095,인사총무팀,과장,여성,30,7.3,63200000,4.0,11
EMP20251059,영업본부,대리,남성,36,2.6,58200000,3.7,18
EMP20250976,개발본부,대리,남성,29,4.3,67800000,3.5,27
EMP20250846,영업본부,대리,여성,31,2.6,61500000,3.2,25
EMP20250135,고객운영팀,과장,남성,33,5.1,56100000,3.9,10
EMP20250104,개발본부,부장,남성,39,9.7,94700000,3.5,25
EMP20250384,영업본부,과장,여성,31,8.1,70500000,3.3,14
EMP20250015,개발본부,차장,남성,39,7.6,80200000,3.0,21
EMP20250989,고객운영팀,차장,남성,32,6.9,60600000,2.9,8
EMP20250958,데이터전략팀,대리,남성,31,2.7,61500000,3.3,14
EMP20250863,영업본부,대리,남성,35,3.2,56100000,3.2,17
EMP20251083,인사총무팀,대리,여성,38,5.8,59100000,3.2,11
EMP20250508,데이터전략팀,과장,남성,39,7.2,73600000,3.8,19
EMP20251065,영업본부,대리,여성,38,6.5,63000000,3.1,7
EMP20250862,개발본부,대리,남성,25,4.2,68700000,3.4,19
EMP20250901,데이터전략팀,과장,남성,30,5.3,73800000,4.2,17
EMP20250055,고객운영팀,사원,여성,36,8.8,54700000,4.1,3
EMP20250840,데이터전략팀,과장,남성,34,7.7,70800000,4.0,23
EMP20250454,고객운영팀,과장,여성,36,7.1,65600000,3.9,15
EMP20250566,데이터전략팀,과장,남성,39,7.9,70700000,3.5,26
EMP20250995,고객운영팀,대리,여성,35,5.1,56600000,4.2,13
EMP20250878,개발본부,과장,남성,37,5.3,76100000,4.0,22
EMP20251195,개발본부,대리,남성,26,2.5,66300000,3.2,18
EMP20250962,영업본부,사원,여성,29,4.0,57900000,3.6,16
EMP20251196,고객운영팀,과장,남성,35,6.7,55700000,3.4,12
EMP20250361,데이터전략팀,대리,남성,31,3.2,62900000,2.8,22
EMP20250657,개발본부,과장,남성,35,6.7,78200000,2.9,26
EMP20250845,데이터전략팀,대리,남성,36,6.3,65800000,3.2,21
EMP20250383,데이터전략팀,과장,남성,34,6.1,72300000,3.1,37
EMP20250232,개발본부,과장,남성,38,7.5,75100000,3.5,23
EMP20251082,인사총무팀,대리,남성,30,0.3,44500000,2.6,5
EMP20250148,영업본부,대리,남성,33,3.4,59400000,3.3,21
EMP20250815,개발본부,과장,여성,38,6.8,81300000,4.1,20
EMP20250309,개발본부,대리,남성,37,6.4,72700000,3.4,27
EMP20250457,개발본부,대리,남성,30,8.2,75300000,3.6,22
EMP20251151,데이터전략팀,사원,남성,32,1.7,58200000,3.6,20
EMP20250824,개발본부,대리,남성,27,4.8,72500000,4.3,16
EMP20250163,인사총무팀,과장,여성,35,5.6,61000000,3.8,19
EMP20250178,고객운영팀,사원,여성,31,4.7,45800000,3.5,16
EMP20250066,인사총무팀,대리,여성,32,4.3,50800000,2.8,3
EMP20250733,개발본부,대리,남성,30,3.7,69100000,2.7,26
EMP20250322,인사총무팀,대리,여성,31,3.3,53900000,3.3,5
EMP20251177,데이터전략팀,사원,남성,38,0.5,56100000,3.8,25
EMP20250944,개발본부,사원,남성,23,0.2,59400000,3.6,17
EMP20250417,개발본부,과장,여성,35,6.8,73300000,2.9,29
EMP20250600,인사총무팀,과장,여성,33,5.4,66000000,3.9,13
EMP20250694,데이터전략팀,대리,여성,,2.8,67100000,3.6,16
EMP20250735,개발본부,차장,남성,36,11.2,86700000,3.6,36
EMP20250078,개발본부,대리,남성,32,3.1,69900000,3.1,27
EMP20250592,개발본부,과장,남성,37,6.7,70400000,2.5,23
EMP20250680,인사총무팀,부장,남성,47,14.3,85300000,3.1,12
EMP20250672,영업본부,차장,여성,34,8.2,75800000,3.4,12
EMP20251112,개발본부,사원,남성,31,4.2,60700000,2.8,31
